id,pid,age,meno,size,grade,nodes,pgr,er,hormon,rfstime,status
266,1736,67,1,35,2,3,19,38,0,615,0
227,1666,53,1,23,2,3,13,7,0,1230,0
526,1502,69,1,27,1,3,140,350,0,1296,0
501,280,60,1,25,2,7,116,435,1,2380,0
446,1404,45,0,10,2,1,82,8,0,1475,0
573,1489,64,1,14,2,1,199,604,0,652,0
156,943,58,1,35,2,1,6,11,1,2007,0
293,679,43,0,55,2,1,23,45,0,853,0
463,1341,51,0,25,2,16,91,31,0,171,1
176,1392,65,1,35,2,1,7,74,0,1192,0
444,695,50,1,21,1,1,82,2,1,1109,0
440,1264,39,0,35,1,4,79,28,0,707,1
212,898,76,1,37,3,24,11,0,0,195,1
443,817,55,1,37,2,1,82,234,0,1105,1
186,570,62,1,30,2,1,8,371,0,2239,0
263,900,57,1,35,2,4,18,0,1,473,1
653,1488,66,1,42,3,11,412,339,1,394,1
303,1111,54,1,21,2,7,25,88,1,888,0
200,664,55,1,20,1,4,10,128,1,114,0
447,65,60,1,15,2,2,84,93,0,889,1
7,475,48,0,21,3,8,0,0,0,293,1
606,525,42,0,40,2,10,256,0,0,285,1
509,552,70,1,16,2,2,126,338,0,2388,0
327,166,38,0,18,2,4,28,5,1,491,1
521,1305,60,0,23,2,3,136,507,0,1642,0
677,1715,59,1,24,2,1,860,413,0,553,0
306,1177,63,1,25,2,13,26,348,1,730,1
283,51,43,0,30,2,1,22,0,0,2563,0
559,887,63,1,60,2,15,180,12,0,491,1
542,882,49,0,14,2,1,160,12,0,1922,0
40,1187,50,0,30,3,6,0,0,0,1587,1
627,964,53,1,37,2,5,345,47,1,1343,1
648,850,64,1,21,2,3,403,253,0,2237,0
94,170,59,1,8,2,5,1,30,0,72,1
163,789,41,0,25,2,5,6,9,0,1366,1
397,1104,32,0,20,2,5,55,41,0,173,1
569,172,47,0,30,1,3,195,45,1,2556,0
566,1707,47,1,40,3,6,187,24,1,916,0
614,1678,55,0,23,2,3,295,34,0,762,1
579,548,48,0,24,2,1,211,187,1,1858,0
514,1267,69,1,25,1,1,131,196,1,1781,0
599,1162,75,1,16,1,1,250,533,1,747,0
399,1656,45,0,18,1,1,56,40,0,1212,0
323,935,51,1,70,3,6,28,5,0,113,1
16,1339,56,1,25,2,11,0,36,0,359,1
51,359,34,0,30,3,12,0,5,1,286,1
190,1490,50,0,13,3,5,8,32,0,657,0
161,44,53,1,52,2,9,6,29,0,358,1
410,408,56,1,12,2,7,61,77,1,2018,1
261,1289,47,0,25,2,3,18,42,0,1604,0
118,1315,72,1,34,3,36,2,1091,1,515,1
663,1456,51,0,30,2,2,505,270,0,1094,0
229,1764,40,0,22,2,2,13,18,0,758,0
39,64,56,1,40,2,3,0,3,1,1763,1
126,819,44,0,28,3,17,2,3,1,227,1
57,1570,58,1,52,3,5,0,0,0,1177,0
513,256,58,1,35,1,6,130,162,0,795,1
27,1318,63,1,21,2,1,0,378,0,1356,0
44,1368,53,1,58,2,1,0,0,1,1483,0
671,1640,51,1,4,1,4,638,232,1,461,0
168,1524,36,0,44,3,2,6,5,0,1472,0
258,653,53,1,10,2,1,17,61,0,1280,1
372,1646,47,0,40,2,1,44,11,0,1089,0
380,1330,64,1,35,2,3,47,64,1,918,1
93,1081,57,1,7,2,1,1,1,1,2030,0
461,1735,43,0,27,2,2,91,117,0,637,0
534,1792,65,1,27,2,4,148,191,0,594,1
141,440,56,1,16,2,10,4,2,0,1730,1
264,1389,29,0,15,3,12,18,40,0,420,1
528,1,38,0,18,3,5,141,105,0,1337,1
674,1137,47,0,70,2,5,796,24,0,1703,0
194,915,37,0,25,3,8,9,0,0,316,1
331,1175,48,0,30,2,16,29,43,0,460,1
276,1424,50,0,25,3,1,20,13,0,766,0
371,1590,53,1,27,3,12,44,42,1,1357,0
405,619,47,0,38,2,2,58,10,0,2057,0
668,434,52,1,17,2,4,558,522,0,983,1
149,907,63,1,40,2,3,5,8,0,731,1
25,1762,42,0,25,2,7,0,2,0,249,1
183,1192,63,1,25,2,2,8,195,1,1826,0
12,131,59,1,30,2,8,0,0,1,238,1
455,1139,62,1,30,2,1,88,544,1,1355,0
491,233,47,0,12,2,1,110,14,1,2217,0
208,473,61,1,35,3,16,10,13,1,548,1
214,1144,66,1,22,2,4,11,22,0,1093,0
209,1644,48,1,40,2,1,10,72,0,918,0
193,1148,66,1,21,2,1,9,898,0,586,1
70,1670,58,1,42,3,1,0,0,0,449,1
652,1132,50,0,35,1,1,408,44,0,892,0
129,308,46,0,60,2,19,2,16,1,1977,1
523,285,54,1,27,2,5,138,23,0,2138,0
540,1035,59,1,58,2,1,154,101,1,1840,0
319,273,42,0,28,3,4,27,22,1,1868,0
334,718,59,1,15,2,1,30,122,1,890,1
664,1302,44,0,27,2,3,525,61,0,1364,0
1,132,49,0,18,2,2,0,0,0,1838,0
551,840,75,1,50,2,1,170,317,0,554,1
254,724,55,1,15,2,3,16,14,1,964,1
545,1010,47,0,42,2,7,164,204,1,1323,0
365,102,60,1,35,2,12,41,62,0,754,1
171,1763,63,1,32,2,16,7,132,0,281,1
114,1039,46,0,23,3,8,2,1,1,177,1
252,1641,35,0,22,2,13,16,25,0,465,1
63,731,66,1,33,2,3,0,0,1,168,0
479,1202,60,1,100,2,10,102,88,1,1493,1
152,557,54,1,25,2,1,5,57,1,1884,0
464,524,51,1,19,2,2,92,245,0,1527,0
504,1221,49,1,24,2,2,120,117,1,1818,0
626,962,47,1,45,2,2,345,42,0,1625,0
230,577,37,0,25,3,1,13,1,0,476,1
658,579,43,0,28,1,1,437,33,0,1617,0
104,1767,62,1,50,2,11,1,2,1,377,1
155,672,62,1,30,2,2,5,104,1,369,1
131,1149,69,1,40,3,1,3,9,1,1434,0
107,729,43,0,25,2,11,1,1,0,650,1
166,344,41,0,30,3,11,6,5,0,595,1
46,246,44,0,28,2,1,0,0,1,296,0
5,130,65,1,30,2,5,0,36,1,1855,0
61,656,41,0,80,2,1,0,0,1,533,1
28,1300,59,1,30,2,3,0,2,0,530,1
502,922,55,1,23,2,9,116,15,0,1701,1
338,306,68,1,45,1,3,31,145,1,1905,0
662,1565,57,1,17,2,3,502,145,1,213,0
498,1716,56,1,42,1,5,113,700,1,662,1
471,1143,55,1,15,3,3,97,194,1,1341,0
174,84,52,1,20,3,10,7,8,0,251,1
451,1058,71,1,15,2,9,85,9,1,1645,0
596,1623,58,1,25,1,1,241,28,1,432,0
30,179,36,0,30,3,2,0,0,0,956,1
593,1254,46,0,45,1,9,239,58,0,1088,0
553,1012,37,0,50,3,2,170,130,0,1233,0
416,86,45,0,20,2,2,64,48,0,1959,0
315,1229,45,0,35,2,2,26,36,0,1789,0
48,828,66,1,18,2,7,0,3,0,2014,0
175,1588,42,0,60,2,15,7,5,0,541,0
439,6,52,0,20,1,1,78,14,0,1420,1
638,884,53,0,75,3,19,375,107,0,600,1
256,1471,65,1,25,3,2,17,14,1,1483,0
585,93,64,1,17,1,1,227,0,0,1329,1
321,1241,65,1,45,2,17,27,32,1,751,0
586,1781,40,0,40,2,6,227,10,0,866,1
68,1063,51,0,50,2,9,0,0,0,1167,0
477,1297,46,0,35,1,5,100,0,0,1174,1
78,500,35,0,35,2,4,0,0,1,1183,1
370,856,57,1,15,2,3,44,78,1,1481,1
233,433,54,1,23,3,10,13,6,0,307,1
339,801,29,0,12,2,4,32,150,0,338,1
96,1107,53,1,16,3,1,1,1,0,420,1
673,157,59,1,45,2,6,739,526,0,740,0
563,1361,57,1,21,2,2,184,294,0,1701,0
64,1677,48,0,16,3,10,0,0,0,525,1
49,651,56,1,40,2,3,0,59,1,2030,1
248,988,47,0,28,3,7,16,92,0,1560,0
125,215,59,1,24,2,14,2,22,0,426,1
138,1819,63,1,23,2,3,3,2,1,770,0
102,1751,52,1,20,2,1,1,8,1,936,0
251,1261,50,1,27,3,1,16,12,0,1842,0
683,1273,64,1,26,2,2,1356,1144,1,1152,0
489,88,52,1,10,2,3,109,12,0,1897,0
62,1280,39,0,30,3,1,0,0,0,1434,0
682,586,51,0,30,3,2,1152,38,1,1760,0
492,1501,44,0,30,2,7,110,20,0,310,0
355,1328,47,0,25,1,1,38,44,0,967,0
394,1455,37,0,35,2,7,53,19,0,981,1
196,1077,65,1,36,3,2,9,7,0,550,1
636,147,64,1,24,3,5,366,201,1,2471,0
409,1327,79,1,23,1,1,60,80,1,1632,0
332,883,47,1,55,2,18,29,87,0,2048,0
500,1403,60,1,35,2,3,115,300,0,385,1
294,1576,70,1,38,3,2,24,15,0,1443,0
153,1043,39,0,28,2,3,5,4,0,1185,0
274,891,63,1,45,3,7,20,93,0,305,1
223,1044,46,0,28,3,16,12,8,0,631,0
316,101,63,1,21,2,1,26,30,1,2551,0
318,1671,68,1,23,2,1,27,5,1,972,0
211,1579,50,0,11,1,1,10,11,0,1317,0
655,1667,53,1,13,2,8,423,175,0,1205,0
79,133,52,1,25,2,13,0,0,1,1826,0
466,621,48,0,38,2,3,92,41,0,2011,0
423,1208,49,0,19,1,5,69,14,1,1786,0
475,1230,66,1,30,1,5,100,288,0,1707,0
300,91,61,1,20,2,5,25,75,0,348,1
222,1191,47,0,30,2,5,12,11,1,1463,1
623,1214,65,1,24,2,1,328,115,0,1926,0
145,1145,45,0,14,3,1,5,43,0,792,0
467,1205,51,0,18,1,1,94,60,0,801,1
589,574,48,0,25,2,1,235,33,1,2237,0
32,1004,46,0,11,2,2,0,0,0,1820,0
367,920,51,0,25,3,5,43,0,0,769,1
288,1594,43,0,27,2,1,23,9,0,552,1
356,1528,58,1,35,2,2,38,18,1,1342,0
474,1295,50,1,23,2,8,98,30,1,554,1
143,265,64,1,21,3,1,4,3,0,1387,1
91,939,50,1,50,2,6,1,2,1,1729,0
336,1061,54,1,30,2,2,31,11,0,353,1
656,1518,67,1,44,2,10,431,267,1,1505,0
494,70,56,0,21,2,3,111,20,1,1722,0
624,263,48,0,35,2,1,340,32,1,755,1
285,1176,66,1,25,1,2,22,121,0,1208,0
19,1568,47,1,12,2,2,0,50,0,942,0
235,1233,49,1,22,2,1,14,41,0,329,1
660,1142,61,1,30,2,8,472,293,1,1350,0
35,177,63,1,15,3,5,0,0,0,417,1
427,1546,46,0,21,2,3,73,13,0,1351,0
240,381,55,1,50,2,1,14,203,1,729,1
135,1016,49,0,35,2,7,3,0,0,650,0
231,169,51,0,34,2,3,13,12,1,1918,1
86,1560,49,0,22,3,3,0,0,0,463,0
350,1068,62,1,19,2,1,35,1060,1,598,1
14,762,51,1,25,2,2,0,80,0,503,1
422,903,46,0,35,2,7,67,44,0,272,1
132,946,63,1,23,3,12,3,2,1,973,0
407,1611,60,1,21,2,1,58,701,0,687,1
53,1523,45,0,45,3,2,0,0,0,1469,0
565,583,64,1,27,2,3,186,139,1,784,1
681,1247,67,1,27,2,4,1118,753,1,1222,0
354,276,39,0,20,2,1,38,110,0,855,1
213,1441,44,0,5,2,10,11,10,0,790,1
520,58,50,0,22,1,1,135,111,0,2297,0
543,885,37,0,15,1,1,162,22,0,1765,0
77,1564,55,1,40,2,13,0,0,0,546,0
249,1028,68,1,40,2,9,16,20,1,577,1
148,1699,44,0,25,3,6,5,2,0,338,1
282,1621,57,1,50,3,13,22,47,0,98,1
621,1203,50,0,29,1,2,323,60,0,1432,0
415,208,55,1,40,1,2,64,81,0,1976,0
333,1293,47,0,24,2,20,30,8,0,883,1
618,1390,48,0,60,1,4,312,20,0,982,1
659,52,74,1,20,2,1,462,240,1,2372,0
217,204,42,0,25,3,2,11,10,0,2034,1
538,843,47,0,36,3,2,154,99,0,1926,0
137,1130,51,1,120,2,12,3,1,0,160,1
619,1268,55,1,65,1,4,312,76,0,865,1
649,287,46,0,35,2,6,405,27,0,2175,0
17,1138,51,0,21,3,1,0,0,0,1720,0
158,146,46,0,12,2,1,6,49,0,2353,0
122,1364,65,1,70,3,26,2,64,0,379,1
633,1734,44,0,40,2,4,364,159,0,651,0
685,736,44,0,21,2,3,1600,70,0,629,0
535,546,44,0,20,2,6,150,67,1,1717,0
215,1494,57,1,60,3,18,11,13,1,15,0
377,1627,56,1,55,3,3,46,31,0,1343,0
265,1103,48,0,30,2,4,19,4,0,370,1
368,766,57,1,32,2,2,43,287,1,1722,0
120,1346,33,0,23,3,10,2,3,0,233,1
201,613,61,1,50,2,4,10,10,0,2456,1
106,1687,53,1,30,3,1,1,4,0,740,0
348,875,70,1,25,2,4,34,273,1,1502,1
583,719,60,1,22,3,1,218,442,1,1114,0
366,1759,65,1,10,2,3,42,59,0,867,0
641,1333,42,0,12,2,6,388,30,0,438,1
55,530,62,1,20,2,7,0,0,1,797,1
560,821,59,1,8,2,2,181,0,1,2172,0
373,436,56,1,31,2,1,45,286,0,1525,1
382,1113,63,1,18,2,1,48,18,1,806,0
450,1572,65,1,30,2,5,85,365,1,1113,0
207,615,53,0,13,3,3,10,20,0,2205,0
206,1316,50,1,70,2,19,10,57,1,272,1
401,1400,62,1,60,2,1,56,17,1,1600,0
398,947,51,0,12,1,2,55,64,0,2156,0
460,1746,50,0,29,1,2,90,30,0,8,0
445,1099,46,0,25,2,13,82,20,0,1791,0
203,162,60,1,24,3,7,10,10,1,632,1
353,1367,43,0,35,2,4,37,5,0,1296,1
437,173,51,0,20,2,1,77,89,0,1753,1
309,1226,57,1,25,2,1,26,299,0,1253,1
11,97,62,1,12,2,7,0,0,0,436,1
50,119,58,1,35,3,7,0,0,1,722,1
98,1317,58,1,21,3,2,1,1,0,891,1
182,940,32,0,20,2,6,8,3,1,2024,0
133,282,54,1,40,3,4,3,2,1,498,1
313,497,46,0,30,2,2,26,223,0,1965,0
270,659,51,0,25,2,2,20,11,0,1182,0
243,805,66,1,15,2,2,15,42,1,1841,0
381,499,47,0,20,2,1,48,26,0,2161,0
347,356,59,1,25,1,2,33,51,0,2438,0
552,1589,57,1,36,3,1,170,192,1,1329,0
308,1193,48,0,22,2,4,26,29,0,1231,0
314,1348,44,0,35,2,6,26,4,0,1240,0
617,1398,48,1,45,1,1,312,236,0,1624,0
402,1350,46,0,19,1,11,56,24,0,1878,0
221,1661,65,1,33,2,6,11,28,0,974,0
310,1741,54,1,29,2,10,26,284,1,1062,0
329,1807,44,0,70,2,19,28,31,0,16,0
198,1100,53,1,25,2,2,9,1,1,1685,0
134,1331,51,0,21,2,1,3,2,1,557,1
650,1624,61,1,25,2,2,406,174,0,319,0
97,942,33,0,28,3,1,1,1,1,2027,0
531,1325,63,1,30,1,5,144,221,1,1645,0
202,676,74,1,35,2,11,10,472,1,855,1
505,1638,46,0,23,2,2,120,41,0,748,1
567,684,44,0,24,3,5,187,62,1,475,1
335,56,52,1,25,2,13,31,196,1,1043,1
340,1244,52,0,40,3,6,32,5,0,241,1
611,181,56,1,11,2,1,270,369,1,2449,0
74,469,47,1,23,3,5,0,0,1,308,1
246,1672,67,1,25,2,1,15,55,1,825,0
121,989,48,0,35,3,10,2,222,0,455,1
150,1079,59,1,48,3,1,5,17,1,426,1
47,1362,65,1,25,3,1,0,0,0,1701,0
173,1320,46,0,21,3,1,7,109,0,1077,0
278,690,61,1,25,2,1,21,172,1,1521,1
18,526,63,1,27,2,1,0,0,0,1306,1
374,1817,61,1,60,2,51,45,38,0,768,0
605,1382,53,1,48,2,7,254,117,0,1472,0
493,1582,56,1,8,2,1,110,0,0,1358,0
603,733,66,1,15,2,1,252,185,0,1675,1
341,302,46,1,20,2,2,32,29,0,2144,0
597,1349,47,0,13,2,3,242,14,0,1751,0
587,892,72,1,17,2,1,229,533,1,2195,0
613,182,69,1,22,2,8,282,191,0,2286,1
259,105,63,1,19,2,5,18,38,1,1280,1
429,851,45,0,60,2,3,74,212,0,933,0
608,1405,52,0,26,2,1,258,10,0,1171,0
622,721,49,0,17,2,2,324,94,0,2271,0
268,38,64,1,19,2,1,19,9,1,1863,0
620,1067,40,0,30,2,2,320,30,1,1720,0
408,596,59,1,17,2,4,60,29,1,1807,1
434,1303,53,1,25,2,13,77,131,0,1170,1
428,967,53,0,19,3,1,74,534,0,2192,0
232,1709,59,1,23,2,1,13,20,1,972,0
187,1189,41,0,20,2,4,8,38,0,1589,1
281,629,45,0,13,3,4,21,27,1,2009,0
169,72,54,1,21,2,1,7,139,1,2372,0
305,37,40,0,24,1,3,25,11,0,148,0
108,1198,39,0,32,2,9,1,8,0,1981,0
351,1522,32,0,25,2,2,36,10,0,1570,0
139,861,34,0,50,3,7,4,1,0,1441,0
379,271,63,1,24,2,3,46,25,0,1904,0
192,987,59,1,27,3,20,9,2,0,624,1
197,756,46,0,32,2,5,9,13,0,181,1
324,1410,61,1,24,2,2,28,50,1,1756,0
180,812,52,1,49,3,6,8,5,1,1140,1
24,96,63,1,30,2,7,0,0,1,698,1
284,1060,62,1,15,2,4,22,70,0,1666,0
13,1574,62,1,21,2,2,0,0,1,723,0
343,1095,43,0,30,2,2,32,16,0,670,1
588,1056,43,1,40,1,4,233,19,1,1853,0
279,931,66,1,40,3,16,21,412,0,945,1
600,1157,48,0,30,2,15,250,45,0,1771,0
453,670,65,1,25,2,2,86,135,0,857,1
29,128,62,1,23,2,2,0,14,1,1150,1
482,807,37,0,30,2,4,104,107,1,2177,0
326,965,45,0,15,2,3,28,27,0,646,1